Time,T,Shares,Price,MPID,X
22267298,S,2300,103000,,Q
22267364,S,2300,103000,,Q
22267365,S,400,103000,,Q
24833314,S,70,103000,,Q
24833314,S,930,103000,,Q
25592022,B,100,102900,,Q
25808257,B,218,102900,,Q
26100656,B,844,102900,,Q
27465390,B,100,102800,,Q
27465390,B,1100,102800,,Q
27465419,B,200,102700,,Q
27976330,S,150,102700,,Q
28961819,B,30,102600,,Q
29774190,S,2,102500,,Q
30195815,S,800,102600,,Q
30195815,S,200,102600,,Q
30470215,B,100,102500,,Q
30504246,S,1000,102500,,Q
30893547,S,500,102500,,Q
30900937,B,295,102400,,Q
31525413,S,800,102600,,Q
31776044,S,800,102900,,Q
31834410,B,3900,102900,,Q
31834410,B,1900,102900,,Q
31834410,B,100,102900,,Q
32084733,B,100,102800,,Q
32676373,B,100,102700,,Q
33680084,S,600,102900,,Q
33754878,S,100,102900,,Q
33900002,S,11,102900,,Q
33900373,S,15,102900,,Q
33900383,S,12,102900,,Q
33900392,S,14,102900,,Q
33900406,S,12,102900,,Q
33900425,S,13,102900,,Q
33900435,S,12,102900,,Q
33900443,S,15,102900,,Q
33900459,S,14,102900,,Q
33900469,S,13,102900,,Q
33900472,S,14,102900,,Q
33900475,S,11,102900,,Q
33900477,S,11,102900,,Q
33900478,S,13,102900,,Q
33900480,S,14,102900,,Q
33900481,S,12,102900,,Q
33900484,S,10,102900,,Q
33900485,S,14,102900,,Q
33900487,S,15,102900,,Q
33900488,S,10,102900,,Q
33900490,S,12,102900,,Q
33900492,S,12,102900,,Q
33900496,S,13,102900,,Q
33900496,S,10,102900,,Q
33900499,S,11,102900,,Q
33900502,S,10,102900,,Q
33900503,S,14,102900,,Q
33900504,S,13,102900,,Q
33900505,S,11,102900,,Q
33900506,S,15,102900,,Q
33900507,S,14,102900,,Q
34088083,S,200,103000,,Q
34246093,B,100,102900,,Q
34246093,B,100,102900,,Q
34246093,B,100,102900,,Q
34246093,B,591,102900,,Q
34246096,B,409,102900,,Q
34246096,B,100,102900,,Q
34246096,B,100,102900,,Q
34259327,B,100,102800,,Q
34259327,B,400,102800,,Q
34259327,B,900,102800,,Q
34259327,B,900,102800,,Q
34259327,B,200,102800,,Q
34259327,B,500,102800,,Q
34261778,S,1900,102800,,Q
34261778,S,575,102800,,Q
34261778,S,300,102800,,Q
34263300,B,100,102850,,Q
34274114,S,575,102900,,Q
34274114,S,600,102900,,Q
34274114,S,475,102900,,Q
34315488,B,100,102950,,Q
34321595,B,100,102900,,Q
34321595,B,100,102900,,Q
34321595,B,100,102900,,Q
34321595,B,885,102900,,Q
34321595,B,1180,102900,,Q
34321595,B,826,102900,,Q
34321595,B,759,102900,,Q
34321596,S,2500,102900,,Q
34321596,S,200,102900,,Q
34368643,B,50,102700,,Q
34379538,B,100,102800,,Q
34379538,B,300,102700,,Q
34407167,B,400,102700,,Q
34407167,B,200,102700,,Q
34407167,B,900,102700,,Q
34407167,B,900,102700,,Q
34407168,B,500,102700,,Q
34427355,B,100,102650,,Q
34427356,B,100,102650,,Q
34448701,S,100,102700,,Q
34448701,S,200,102700,,Q
34448701,S,369,102700,,Q
34448702,S,1500,102700,,Q
34448702,S,300,102700,,Q
34448702,S,31,102700,,Q
34459635,B,259,102700,,Q
34487326,B,717,102600,,Q
34495635,S,900,102600,,Q
34495635,S,200,102600,,Q
34495635,S,1300,102600,,Q
34495635,S,2300,102700,,Q
34495635,S,900,102700,,Q
34501450,B,50,102600,,Q
34503134,B,306,102600,,Q
34503134,B,309,102600,,Q
34526295,B,300,102550,,Q
34546568,B,1600,102500,,Q
34546568,B,200,102500,,Q
34546568,B,100,102500,,Q
34546568,B,800,102500,,Q
34546569,B,30,102500,,Q
34546937,B,150,102500,,Q
34565209,B,752,102500,,Q
34565209,B,1200,102500,,Q
34575135,S,800,102500,,Q
34575135,S,200,102500,,Q
34575135,S,200,102500,,Q
34575135,S,900,102500,,Q
34675680,S,4,102500,,Q
34691132,B,200,102400,,Q
34726482,B,104,102400,,Q
34726482,B,96,102400,,Q
34726482,B,600,102400,,Q
34726482,B,200,102400,,Q
34726482,B,100,102400,,Q
34726482,B,100,102400,,Q
34726634,S,100,102500,,Q
34726634,S,100,102500,,Q
34757829,B,300,102450,,Q
34757839,B,300,102450,,Q
34757849,B,100,102450,,Q
34761495,B,100,102450,,Q
34775079,S,301,102500,,Q
34775126,S,100,102500,,Q
34776366,B,100,102550,,Q
34776367,B,100,102550,,Q
34843530,B,100,102550,,Q
34856346,B,100,102500,,Q
34858288,B,100,102500,,Q
34858288,B,782,102500,,Q
34858288,B,666,102500,,Q
34890227,B,200,102450,,Q
34890375,B,200,102450,,Q
34919556,B,100,102450,,Q
35000481,S,200,102500,,Q
35000481,S,480,102500,,Q
35000481,S,100,102500,,Q
35001447,B,100,102550,,Q
35001447,B,100,102550,,Q
35001505,B,94,102550,,Q
35065453,B,10,102500,,Q
35065454,S,100,102600,,Q
35065454,S,100,102600,,Q
35136640,B,1385,102500,,Q
35136909,B,100,102450,,Q
35136909,B,100,102450,,Q
35172302,B,100,102400,,Q
35172302,B,500,102400,,Q
35172302,B,900,102400,,Q
35172302,B,1400,102400,,Q
35172302,B,779,102400,,Q
35172302,B,2700,102400,,Q
35172366,S,100,102400,,Q
35172366,S,100,102400,,Q
35172377,S,100,102400,,Q
35172391,S,100,102400,,Q
35172403,S,100,102400,,Q
35172440,S,100,102400,,Q
35172542,S,100,102400,,Q
35172542,S,100,102400,,Q
35173043,S,100,102400,,Q
35173043,S,100,102400,,Q
35174874,S,100,102400,,Q
35174874,S,100,102400,,Q
35188785,S,100,102400,,Q
35188785,S,100,102400,,Q
35195045,S,100,102400,,Q
35195045,S,100,102400,,Q
35214677,B,100,102300,,Q
35236116,B,30,102400,,Q
35336665,S,100,102500,,Q
35336665,S,100,102500,,Q
35336665,S,100,102500,,Q
35341623,B,200,102500,,Q
35342153,S,800,102600,,Q
35344186,S,200,102600,,Q
35344186,S,100,102600,,Q
35344243,S,100,102600,,Q
35366884,S,100,102600,,Q
35366884,S,100,102600,,Q
35369767,B,1378,102500,,Q
35369767,B,712,102500,,Q
35369767,B,410,102500,,Q
35369767,B,300,102500,,Q
35369767,B,300,102500,,Q
35369767,B,117,102500,,Q
35369768,B,400,102450,,Q
35369768,B,200,102400,,Q
35369769,B,100,102400,,Q
35385383,B,500,102400,,Q
35400401,B,100,102450,,Q
35543271,S,5,102300,,Q
35546186,S,88,102300,,Q
35546250,S,107,102300,,Q
35553756,S,200,102400,,Q
35553756,S,200,102400,,Q
35553756,S,200,102400,,Q
35573792,B,1000,102400,,Q
35573792,B,500,102400,,Q
35575069,S,100,102500,,Q
35606622,B,1033,102400,,Q
35606622,B,698,102400,,Q
35606622,B,700,102400,,Q
35728032,B,200,102300,,Q
35728032,B,800,102300,,Q
35728032,B,600,102300,,Q
35728032,B,86,102300,,Q
35894546,B,100,102250,,Q
35964314,B,200,102200,,Q
35964314,B,788,102200,,Q
35964314,B,679,102200,,Q
35964314,B,633,102200,,Q
35964315,B,46,102200,,Q
35992160,S,200,102300,,Q
35992170,S,200,102300,,Q
36000180,B,200,102250,,Q
36000190,B,200,102250,,Q
36000293,B,100,102250,,Q
36043349,B,600,102200,,Q
36043349,B,200,102200,,Q
36043349,B,600,102200,,Q
36043349,B,796,102200,,Q
36132458,S,900,102200,,Q
36132458,S,600,102200,,Q
36132458,S,200,102200,,Q
36268264,S,200,102500,,Q
36268264,S,100,102500,,Q
36268265,S,700,102500,,Q
36268265,S,700,102500,,Q
36420505,S,2300,102600,,Q
36420505,S,900,102600,,Q
36446470,S,200,102700,,Q
36447530,B,100,102750,,Q
36447531,B,300,102750,,Q
36480973,S,100,102800,,Q
36512448,B,200,102800,,Q
36512448,B,167,102800,,Q
36534061,B,800,102800,,Q
36534061,B,300,102800,,Q
36534061,B,12,102800,,Q
36534061,B,702,102800,,Q
36593833,S,600,102800,,Q
36593833,S,100,102800,,Q
36593833,S,100,102800,,Q
36593833,S,100,102800,,Q
36690117,S,400,102800,,Q
36690117,S,500,102800,,Q
36722309,B,100,102850,,Q
36737703,B,100,102800,,Q
37054644,B,100,102950,,Q
37060690,B,100,102950,,Q
37070114,B,100,102900,,Q
37070114,B,300,102900,,Q
37072849,B,772,102900,,Q
37072849,B,1352,102900,,Q
37073019,B,100,102850,,Q
37073627,B,100,102850,,Q
37073657,B,100,102850,,Q
37175805,S,200,102900,,Q
37270540,B,1000,102800,,Q
37270540,B,1600,102800,,Q
37270540,B,200,102800,,Q
37270540,B,790,102800,,Q
37270570,B,739,102800,,Q
37365439,B,200,102700,,Q
37365439,B,100,102700,,Q
37365439,B,100,102700,,Q
37585034,B,100,102600,,Q
37585034,B,800,102600,,Q
37585034,B,12,102600,,Q
37585034,B,100,102600,,Q
37585034,B,100,102600,,Q
37585034,B,188,102600,,Q
37585124,B,100,102600,,Q
37591555,S,84,102700,,Q
37591555,S,100,102700,,Q
37597182,B,100,102550,,Q
37597183,B,100,102550,,Q
37760797,S,200,102600,,Q
37760797,S,2500,102600,,Q
37760797,S,100,102600,,Q
37760797,S,600,102600,,Q
37818653,B,100,102650,,Q
37822059,S,100,102700,,Q
37829180,B,100,102750,,Q
37834316,S,200,102800,,Q
37846772,B,270,102800,,Q
37846772,B,400,102800,,Q
37915009,B,700,102800,,Q
37915009,B,100,102800,,Q
37915009,B,100,102800,,Q
37915026,S,100,102900,,Q
37915064,B,700,102800,,Q
37915955,B,500,102800,,Q
37916938,S,100,102900,,Q
37944636,B,100,102750,,Q
37944637,B,200,102750,,Q
37945099,B,100,102750,,Q
37945099,B,100,102750,,Q
37962170,B,100,102750,,Q
38036005,B,200,102700,,Q
38036005,B,900,102700,,Q
38036005,B,900,102700,,Q
38036005,B,100,102700,,Q
38036005,B,856,102700,,Q
38036005,B,1121,102700,,Q
38036005,B,102,102700,,Q
38036005,B,400,102700,,Q
38036006,B,721,102700,,Q
38036068,B,100,102650,,Q
38036069,B,100,102650,,Q
38036069,B,100,102650,,Q
38036640,B,100,102650,,Q
38118003,B,100,102650,,Q
38147585,S,200,102700,,Q
38147585,S,800,102700,,Q
38147585,S,1858,102700,,Q
38147585,S,600,102700,,Q
38147585,S,314,102700,,Q
38149828,S,428,102700,,Q
38201578,B,100,102750,,Q
38201578,B,100,102750,,Q
38303102,B,500,102700,,Q
38319181,S,200,102800,,Q
38443018,S,200,102900,,Q
38443018,S,1100,102900,,Q
38465109,B,100,102950,,Q
38482767,B,100,102950,,Q
38482767,B,100,102950,,Q
38526853,S,200,103000,,Q
38526853,S,400,103000,,Q
38534193,B,394,103000,,Q
38537943,B,200,103000,,Q
38590410,B,100,103050,,Q
38590410,B,100,103050,,Q
38624692,B,100,103000,,Q
38624692,B,100,103000,,Q
38624692,B,100,103000,,Q
38625363,S,300,103000,,Q
38632194,B,100,102950,,Q
38632195,B,100,102950,,Q
38632250,B,100,102950,,Q
38632463,B,100,102950,,Q
38724578,B,200,102900,,Q
38724578,B,200,102900,,Q
38724634,B,200,102900,,Q
38724634,B,700,102900,,Q
38724634,B,900,102900,,Q
38724634,B,100,102900,,Q
38724634,B,200,102900,,Q
38724634,B,1900,102900,,Q
38724634,B,400,102900,,Q
38724635,S,100,103000,,Q
38724636,B,200,102900,,Q
38724636,B,200,102900,,Q
38724698,B,200,102900,,Q
38726210,B,900,102900,,Q
38747824,S,200,102900,,Q
38747824,S,400,102900,,Q
38747824,S,100,102900,,Q
38747824,S,100,102900,,Q
38747824,S,1600,102900,,Q
38747824,S,600,102900,,Q
38747824,S,100,102900,,Q
38803758,B,200,102900,,Q
39022681,B,200,102950,,Q
39022681,B,100,102950,,Q
39022681,B,100,102950,,Q
39022729,B,100,102950,,Q
39022785,B,100,102950,,Q
39029181,B,300,102950,,Q
39123414,S,2880,103000,,Q
39123414,S,700,103000,,Q
39123655,B,100,103050,,Q
39123655,B,100,103050,,Q
39123744,B,100,103050,,Q
39243635,B,1547,103000,,Q
39244535,B,1100,103000,,Q
39245581,B,1053,103000,,Q
39245581,B,100,103000,,Q
39245581,B,300,103000,,Q
39245581,B,5400,103000,,Q
39245582,B,700,102950,,Q
39245582,S,100,103000,,Q
39272863,B,200,102900,,Q
39272863,B,300,102900,,Q
39277869,B,200,102900,,Q
39298357,B,100,102950,,Q
39298357,B,100,102950,,Q
39298357,B,200,102950,,Q
39298381,B,100,102950,,Q
39298389,B,100,102950,,Q
39298391,B,100,102950,,Q
39298461,B,100,102950,,Q
39298495,B,100,102950,,Q
39360245,S,975,103000,,Q
39360245,S,1500,103000,,Q
39360245,S,100,103000,,Q
39360245,S,200,103000,,Q
39463256,B,100,103000,,Q
39463256,B,700,103000,,Q
39464535,B,21,103000,,Q
39491456,B,100,102950,,Q
39491456,B,100,102950,,Q
39491663,B,100,102950,,Q
39552135,S,200,103000,,Q
39552135,S,800,103000,,Q
39552135,S,100,103000,,Q
39552135,S,499,103000,,Q
39567586,B,1,102900,,Q
39613894,S,200,103000,,Q
39651151,S,200,103100,,Q
39651151,S,200,103100,,Q
39698243,B,200,103100,,Q
39698243,B,200,103100,,Q
39698243,B,793,103100,,Q
39698243,B,1600,103100,,Q
39698243,B,4100,103100,,Q
39698243,B,434,103100,,Q
39698243,B,466,103100,,Q
39698243,B,100,103100,,Q
39698386,B,870,103100,,Q
39726423,B,100,103050,,Q
39726423,B,100,103050,,Q
39807425,B,800,103000,,Q
39807425,B,200,103000,,Q
39807425,B,1800,103000,,Q
39807425,B,3,103000,,Q
39807425,B,897,103000,,Q
39807425,B,2300,103000,,Q
39807425,B,278,103000,,Q
39807425,B,512,103000,,Q
39807425,B,200,103000,,Q
39809955,S,200,103100,,Q
39809955,S,700,103100,,Q
39905905,B,100,103000,,Q
39905905,B,200,103000,,Q
39905905,B,100,103000,,Q
39907760,B,100,102950,,Q
39907760,B,100,102950,,Q
39956405,B,100,102950,,Q
39956405,B,100,102950,,Q
39965971,B,200,102950,,Q
39965972,B,200,102950,,Q
39965972,B,100,102950,,Q
39965974,B,166,102950,,Q
39965974,B,100,102950,,Q
40142470,B,100,102950,,Q
40261793,S,100,103000,,Q
40261793,S,800,103000,,Q
40261793,S,100,103000,,Q
40261793,S,1200,103000,,Q
40361005,B,100,103000,,Q
40362354,B,100,102950,,Q
40362354,B,100,102950,,Q
40362354,B,100,102950,,Q
40362365,B,100,102950,,Q
40362375,B,100,102950,,Q
40503883,B,100,102950,,Q
40503883,B,100,102950,,Q
40503924,B,100,102950,,Q
40504140,B,100,102950,,Q
40514958,S,1000,103000,,Q
40554456,B,100,103050,,Q
40561322,B,10,103050,,Q
40637368,B,100,103050,,Q
40764023,B,100,103050,,Q
40820420,S,200,103100,,Q
40820420,S,100,103100,,Q
41193107,B,65,103150,,Q
41250776,B,100,103100,,Q
41250776,B,360,103100,,Q
41250776,B,40,103100,,Q
41251865,S,100,103200,,Q
41251866,S,100,103200,,Q
41251866,S,50,103200,,Q
41258699,S,100,103200,,Q
41258699,S,100,103200,,Q
41258700,S,50,103200,,Q
41310293,S,100,103200,,Q
41312471,S,50,103200,,Q
41312471,S,50,103200,,Q
41315366,S,100,103200,,Q
41320373,S,50,103200,,Q
41451252,B,100,103150,,Q
41451252,B,100,103150,,Q
41451311,B,100,103150,,Q
41478229,S,1000,103200,,Q
41478229,S,100,103200,,Q
41478229,S,600,103200,,Q
41478229,S,1,103200,,Q
41568100,B,100,103250,,Q
41568100,B,100,103250,,Q
41568154,B,100,103250,,Q
41571518,B,100,103250,,Q
41652169,B,100,103250,,Q
41652169,B,100,103250,,Q
41700079,B,100,103250,,Q
41794244,S,1200,103300,,Q
41794244,S,100,103300,,Q
41794244,S,100,103300,,Q
41840080,B,117,103350,,Q
41847545,B,100,103350,,Q
41847552,B,100,103350,,Q
41847552,B,200,103350,,Q
41847552,B,100,103350,,Q
41849618,B,400,103300,,Q
41863257,B,200,103300,,Q
41863257,B,100,103300,,Q
41863257,B,696,103300,,Q
41863257,B,500,103300,,Q
41863257,B,33,103300,,Q
41869396,B,200,103300,,Q
41869397,B,400,103300,,Q
41869397,B,200,103300,,Q
41869755,B,100,103250,,Q
42009624,B,100,103200,,Q
42009624,B,200,103200,,Q
42009624,B,631,103200,,Q
42009624,B,100,103200,,Q
42011194,B,100,103150,,Q
42011773,B,100,103150,,Q
42091054,S,800,103200,,Q
42141051,B,100,103250,,Q
42151607,B,500,103250,,Q
42151607,B,6000,103200,,Q
42151607,B,200,103200,,Q
42151607,B,4000,103200,,Q
42151607,B,1500,103200,,Q
42151607,B,450,103200,,Q
42151607,B,100,103200,,Q
42151607,B,100,103200,,Q
42151607,B,200,103200,,Q
42152903,S,100,103300,,Q
42164911,B,600,103200,,Q
42164911,B,200,103200,,Q
42319469,B,300,103150,,Q
42322078,B,100,103150,,Q
42322078,B,100,103150,,Q
42322088,B,100,103150,,Q
42322098,B,100,103150,,Q
42322108,B,100,103150,,Q
42322189,B,100,103150,,Q
42322199,B,100,103150,,Q
42322209,B,100,103150,,Q
42322219,B,100,103150,,Q
42322229,B,100,103150,,Q
42322934,B,1,103150,,Q
42428982,B,100,103150,,Q
42428983,B,100,103150,,Q
42514518,B,100,103150,,Q
42540352,B,100,103100,,Q
42540352,B,100,103100,,Q
42540352,B,100,103100,,Q
42639676,B,100,103050,,Q
42640153,B,100,103050,,Q
42665795,S,100,103100,,Q
42665795,S,104,103100,,Q
42747512,B,100,103050,,Q
42896257,B,100,103050,,Q
42896257,B,100,103050,,Q
42896257,B,400,103050,,Q
43315695,B,100,103050,,Q
43321253,B,100,103050,,Q
43321295,B,100,103050,,Q
43323427,B,100,103050,,Q
43366009,B,100,103050,,Q
43414835,B,300,103050,,Q
43422040,B,100,103050,,Q
43436770,S,100,103100,,Q
43436780,B,100,103150,,Q
43564120,S,92,103200,,Q
43672499,S,200,103200,,Q
43672499,S,200,103200,,Q
43672499,S,600,103200,,Q
43672499,S,691,103200,,Q
43675058,B,100,103250,,Q
43675720,B,200,103250,,Q
43676056,B,400,103250,,Q
43676204,B,200,103250,,Q
43676573,B,300,103250,,Q
43676917,B,300,103250,,Q
43676917,B,300,103250,,Q
43677539,B,200,103250,,Q
43794564,B,100,103250,,Q
43891703,B,100,103250,,Q
43915996,B,100,103250,,Q
43947911,B,100,103250,,Q
44166881,S,200,103300,,Q
44166881,S,600,103300,,Q
44166881,S,200,103300,,Q
44166881,S,2700,103300,,Q
44517038,S,200,103400,,Q
44517038,S,1600,103400,,Q
44517038,S,3200,103400,,Q
44517038,S,100,103400,,Q
44517142,B,100,103450,,Q
44519214,B,100,103450,,Q
44519220,B,100,103450,,Q
44843535,B,2700,103400,,Q
44843536,B,100,103400,,Q
44843536,B,100,103400,,Q
44843536,B,1600,103400,,Q
44843536,B,795,103400,,Q
44843536,B,100,103400,,Q
44843536,B,738,103400,,Q
44843536,B,694,103400,,Q
44844266,B,100,103350,,Q
44844266,B,100,103350,,Q
44988802,B,12,103350,,Q
45097436,S,198,103400,,Q
45188439,B,100,103350,,Q
45288831,B,14,103350,,Q
45412380,B,12,103350,,Q
45519016,B,62,103350,,Q
45519016,B,100,103350,,Q
45519016,B,138,103350,,Q
45635385,B,10,103350,,Q
45718407,B,10,103350,,Q
45813946,S,100,103400,,Q
45814353,S,1,103400,,Q
45814353,S,200,103400,,Q
45814353,S,1400,103400,,Q
45814353,S,200,103400,,Q
45814353,S,100,103400,,Q
45814502,B,100,103450,,Q
45815081,B,100,103450,,Q
45815370,B,400,103450,,Q
45815370,B,100,103450,,Q
45816136,B,100,103450,,Q
45816482,B,300,103450,,Q
45816553,B,100,103450,,Q
45816767,B,100,103450,,Q
45816782,B,100,103450,,Q
45816782,B,200,103450,,Q
45816980,B,100,103450,,Q
45817184,B,100,103450,,Q
45818186,B,100,103450,,Q
45818187,B,100,103450,,Q
45845738,B,10,103450,,Q
45845809,B,60,103450,,Q
45862185,B,200,103450,,Q
45874632,B,30,103450,,Q
45878832,B,190,103450,,Q
45880143,B,60,103450,,Q
45907419,B,70,103450,,Q
46092691,S,200,103500,,Q
46102701,S,200,103500,,Q
46103090,S,100,103500,,Q
46357927,B,10,103450,,Q
46357927,B,70,103450,,Q
46360342,B,60,103450,,Q
46360438,B,130,103450,,Q
46360438,B,100,103450,,Q
46379946,B,190,103450,,Q
46379946,B,180,103450,,Q
46379946,B,230,103450,,Q
46379946,B,260,103450,,Q
46389032,B,5,103450,,Q
46420032,B,100,103450,,Q
46468414,B,100,103450,,Q
46482461,B,30,103450,,Q
46486516,B,30,103450,,Q
46491907,B,60,103450,,Q
46497041,B,7,103450,,Q
46502708,B,60,103450,,Q
46513021,B,40,103450,,Q
46517713,B,100,103450,,Q
46522743,B,360,103450,,Q
46522797,B,100,103450,,Q
46532328,B,300,103450,,Q
46556445,B,100,103450,,Q
46563664,B,100,103450,,Q
46564062,B,100,103450,,Q
46564700,B,100,103450,,Q
46580238,B,200,103450,,Q
46591888,B,470,103450,,Q
46679011,B,200,103450,,Q
46713018,B,420,103450,,Q
46713038,B,400,103450,,Q
46735695,B,100,103450,,Q
46763655,B,200,103450,,Q
46790530,B,100,103450,,Q
46795525,B,100,103450,,Q
46881882,B,450,103400,,Q
46881882,B,200,103400,,Q
46881882,B,2133,103400,,Q
46881882,B,142,103400,,Q
46881882,B,748,103400,,Q
46881882,B,278,103400,,Q
46881882,B,123,103400,,Q
46881882,B,989,103400,,Q
46881882,B,1787,103400,,Q
46881882,B,100,103400,,Q
46881882,B,100,103400,,Q
46881882,B,100,103400,,Q
46881882,B,730,103400,,Q
46881882,B,100,103400,,Q
46881882,B,100,103400,,Q
46882842,B,3,103350,,Q
47080245,S,200,103400,,Q
47080245,S,400,103400,,Q
47080245,S,100,103400,,Q
47080245,S,2,103400,,Q
47093919,B,200,103400,,Q
47093919,B,575,103400,,Q
47093919,B,325,103400,,Q
47098929,B,100,103400,,Q
47098929,B,100,103400,,Q
47098930,B,800,103400,,Q
47098930,B,100,103400,,Q
47098930,B,799,103400,,Q
47125650,B,1000,103400,,Q
47125650,B,108,103400,,Q
47125859,B,200,103350,,Q
47125865,B,300,103350,,Q
47354509,B,100,103350,,Q
47522813,B,3,103350,,Q
47628820,B,3,103350,,Q
47717837,B,4,103350,,Q
47920087,B,100,103350,,Q
47920088,B,200,103350,,Q
47920088,B,273,103350,,Q
47920651,B,100,103350,,Q
47922456,B,30,103350,,Q
48109074,B,100,103350,,Q
48345072,B,200,103350,,Q
48345072,B,100,103350,,Q
48474821,B,1,103350,,Q
48556985,B,299,103350,,Q
48556985,B,101,103350,,Q
48637463,B,200,103300,,Q
48637463,B,100,103300,,Q
48637463,B,500,103300,,Q
48637463,B,705,103300,,Q
48637463,B,100,103300,,Q
48637463,B,100,103300,,Q
48637463,B,5,103300,,Q
48637463,B,100,103300,,Q
48637463,B,400,103300,,Q
48637463,B,800,103300,,Q
48637463,B,52,103300,,Q
48637463,B,38,103300,,Q
48637464,B,41,103300,,Q
48637588,B,10,103250,,Q
48637588,B,10,103250,,Q
48637589,B,10,103250,,Q
48638090,B,110,103250,,Q
49685088,B,197,103250,,Q
49812403,S,200,103300,,Q
49812403,S,100,103300,,Q
49812403,S,400,103300,,Q
49812403,S,800,103300,,Q
49812403,S,50,103300,,Q
49812403,S,15,103300,,Q
49812423,B,300,103200,,Q
49830042,B,800,103300,,Q
49830042,B,100,103300,,Q
49830042,B,400,103300,,Q
49830043,B,485,103300,,Q
49830043,B,1891,103300,,Q
49830043,B,200,103300,,Q
49907005,B,200,103200,,Q
49907006,B,300,103200,,Q
49907006,B,400,103200,,Q
49907006,B,824,103200,,Q
49907006,B,743,103200,,Q
50448079,B,139,103100,,Q
50450265,B,61,103100,,Q
50450265,B,39,103100,,Q
50486637,B,100,103100,,Q
51073229,B,100,103250,,Q
51186280,B,100,103250,,Q
51186306,B,100,103250,,Q
51186379,B,100,103250,,Q
51186379,B,100,103250,,Q
51186379,B,100,103250,,Q
51342787,B,100,103250,,Q
51454396,B,100,103250,,Q
51530091,B,200,103250,,Q
51530092,B,180,103250,,Q
51589564,B,100,103250,,Q
51607776,B,100,103250,,Q
51671261,B,5,103250,,Q
51842406,B,200,103200,,Q
51842406,B,600,103200,,Q
51842406,B,400,103200,,Q
51842406,B,816,103200,,Q
51842406,B,100,103200,,Q
51842406,B,100,103200,,Q
51842406,B,400,103200,,Q
51842406,B,115,103200,,Q
51842406,B,100,103200,,Q
51842406,B,400,103200,,Q
51842406,B,500,103200,,Q
51842406,B,100,103200,,Q
51842406,B,1708,103200,,Q
51842407,B,79,103200,,Q
51842407,B,100,103100,,Q
51843417,B,500,103150,,Q
52335405,B,100,103150,,Q
52335405,B,400,103150,,Q
52335405,B,400,103150,,Q
52335405,B,350,103150,,Q
52335405,B,600,103150,,Q
52335405,B,500,103150,,Q
52335405,B,100,103150,,Q
52335405,B,400,103150,,Q
52345339,B,100,103150,,Q
52419910,B,100,103150,,Q
52502375,B,100,103150,,Q
52565092,B,181,103150,,Q
52565093,B,100,103150,,Q
52725091,B,100,103150,,Q
52880606,S,100,103200,,Q
52886138,S,100,103200,,Q
52886138,S,200,103200,,Q
52886138,S,1,103200,,Q
52927792,B,20,103250,,Q
53255705,S,100,103300,,Q
53257856,B,13,103350,,Q
53257856,B,87,103350,,Q
53257857,B,100,103350,,Q
53301035,B,100,103300,,Q
53301035,B,100,103300,,Q
53301035,B,2000,103300,,Q
53301035,B,418,103300,,Q
53301035,B,542,103300,,Q
53301035,B,44,103300,,Q
53301035,B,1854,103300,,Q
53301035,B,46,103300,,Q
53301035,B,456,103300,,Q
53301035,B,1544,103300,,Q
53301037,S,1400,103400,,Q
53301037,S,200,103400,,Q
53301037,S,800,103400,,Q
53301037,S,400,103400,,Q
53301037,S,6700,103400,,Q
53301038,B,412,103300,,Q
53301038,B,200,103300,,Q
53301038,B,488,103300,,Q
53301045,S,1200,103400,,Q
53301045,S,800,103400,,Q
53301047,S,3700,103400,,Q
53301047,S,500,103400,,Q
53301047,B,1812,103300,,Q
53301047,B,200,103300,,Q
53301047,B,388,103300,,Q
53301048,B,6100,103300,,Q
53301048,B,1412,103300,,Q
53301048,B,200,103300,,Q
53301048,B,988,103300,,Q
53301049,B,1400,103300,,Q
53301050,S,200,103400,,Q
53301134,S,100,103400,,Q
53301134,S,100,103400,,Q
53301384,S,100,103400,,Q
53301384,S,100,103400,,Q
53301384,S,100,103400,,Q
53301634,S,100,103400,,Q
53306080,S,36,103400,,Q
53307026,S,764,103400,,Q
53307026,S,1000,103400,,Q
53307026,S,400,103400,,Q
53406435,B,100,103350,,Q
53833019,B,100,103350,,Q
53833019,B,100,103350,,Q
53833020,B,100,103350,,Q
53895004,B,7,103350,,Q
53906383,B,6,103350,,Q
53906383,B,6,103350,,Q
53990660,B,100,103350,,Q
53990660,B,200,103350,,Q
53990661,B,200,103350,,Q
53990661,B,100,103350,,Q
53990661,B,100,103350,,Q
54020093,B,200,103350,,Q
54131267,B,100,103350,,Q
54135047,B,3,103350,,Q
54160092,B,100,103350,,Q
54198059,B,3,103350,,Q
54204359,B,1,103350,,Q
54217262,B,1,103350,,Q
54261370,B,1,103350,,Q
54319026,B,9,103350,,Q
54319026,B,1,103350,,Q
54319026,B,154,103350,,Q
54375090,B,7,103350,,Q
54438102,B,7,103350,,Q
54470092,B,189,103350,,Q
54494813,B,9,103350,,Q
54557824,B,7,103350,,Q
54570093,B,100,103350,,Q
54614834,B,7,103350,,Q
54670213,S,700,103400,,Q
54670213,S,217,103400,,Q
54670214,S,300,103400,,Q
54670313,S,295,103400,,Q
54670513,S,400,103400,,Q
54670614,S,300,103400,,Q
54670713,S,365,103400,,Q
54670713,S,115,103400,,Q
54670713,S,308,103400,,Q
54670713,S,7,103400,,Q
54670713,S,656,103400,,Q
54671015,S,137,103400,,Q
54671015,S,963,103400,,Q
54671015,S,137,103400,,Q
54671545,S,200,103400,,Q
54671545,S,800,103400,,Q
54817506,S,1,103500,,Q
55365093,B,100,103450,,Q
55365102,B,400,103450,,Q
55396777,B,12,103450,,Q
55453487,B,7,103450,,Q
55568084,B,200,103450,,Q
55568084,B,160,103450,,Q
55569087,B,681,103450,,Q
55569087,B,100,103450,,Q
55573509,B,13,103450,,Q
55584313,B,687,103450,,Q
55610413,B,400,103400,,Q
55610413,B,50,103400,,Q
55610413,B,200,103400,,Q
55610413,B,750,103400,,Q
55610413,B,325,103400,,Q
55610413,B,1031,103400,,Q
55610413,B,44,103400,,Q
55610435,B,13,103400,,Q
55610436,B,266,103400,,Q
55610436,B,800,103400,,Q
55610436,B,7,103400,,Q
55610436,B,200,103400,,Q
55725264,B,100,103350,,Q
55725305,B,100,103350,,Q
55725515,B,100,103350,,Q
55812971,B,100,103350,,Q
55922578,B,100,103350,,Q
56004587,B,700,103350,,Q
56004587,B,500,103350,,Q
56004587,B,500,103350,,Q
56004587,B,100,103350,,Q
56004587,B,12,103350,,Q
56004587,B,645,103350,,Q
56015140,B,100,103350,,Q
56015475,B,40,103350,,Q
56115708,B,13,103350,,Q
56235130,B,15,103350,,Q
56354852,B,15,103350,,Q
56361153,B,10,103350,,Q
56365240,B,100,103350,,Q
56365337,B,75,103350,,Q
56386057,B,9,103350,,Q
56416963,B,10,103350,,Q
56423264,B,10,103350,,Q
56449262,B,100,103350,,Q
56449793,B,100,103350,,Q
56454170,B,9,103350,,Q
56454283,B,4,103350,,Q
56454283,B,96,103350,,Q
56472773,B,11,103350,,Q
56509680,B,10,103350,,Q
56534285,B,10,103350,,Q
56540286,B,10,103350,,Q
56570891,B,10,103350,,Q
56595196,B,12,103350,,Q
56607198,B,4,103350,,Q
56636861,B,67,103350,,Q
56636861,B,33,103350,,Q
56636862,B,67,103350,,Q
56636862,B,20,103350,,Q
56654907,B,12,103350,,Q
56718144,B,100,103350,,Q
56730142,B,100,103350,,Q
56739283,B,68,103350,,Q
56739283,B,32,103350,,Q
56749054,B,28,103350,,Q
56749054,B,172,103350,,Q
56749055,B,56,103350,,Q
56749055,B,196,103350,,Q
56749055,B,100,103350,,Q
56749056,B,96,103350,,Q
56749056,B,4,103350,,Q
56749056,B,100,103350,,Q
56750954,B,100,103350,,Q
56750954,B,100,103350,,Q
56765141,B,100,103350,,Q
56765164,B,60,103350,,Q
56765164,B,40,103350,,Q
56765165,B,100,103350,,Q
56765166,B,100,103350,,Q
56765166,B,200,103350,,Q
56780313,B,10,103350,,Q
56782970,B,80,103350,,Q
56783970,B,100,103350,,Q
56783971,B,60,103350,,Q
56785015,B,30,103350,,Q
56788010,B,10,103350,,Q
56790925,B,10,103350,,Q
56795718,B,10,103350,,Q
56797977,B,10,103350,,Q
56801212,B,10,103350,,Q
56805235,B,100,103350,,Q
56805236,B,100,103350,,Q
56805237,B,900,103350,,Q
56807641,B,100,103350,,Q
56807642,B,100,103350,,Q
56808018,B,100,103350,,Q
56840142,B,100,103350,,Q
56855145,B,100,103350,,Q
56855792,B,500,103350,,Q
56864278,B,100,103350,,Q
56879241,B,100,103350,,Q
56879242,B,58,103350,,Q
56900141,B,100,103350,,Q
56902264,B,100,103350,,Q
56902265,B,500,103350,,Q
56940058,B,100,103300,,Q
56941895,B,100,103350,,Q
56970246,B,300,103300,,Q
56970246,B,200,103300,,Q
56970246,B,300,103300,,Q
56970246,B,532,103300,,Q
56970246,B,67,103300,,Q
56970246,B,203,103300,,Q
56970246,B,84,103300,,Q
56970246,B,66,103300,,Q
56970246,B,200,103300,,Q
56970246,B,11,103300,,Q
56970246,B,4,103300,,Q
56970246,B,4,103300,,Q
56970246,B,89,103300,,Q
56970246,B,48,103300,,Q
56970246,B,80,103300,,Q
56970249,S,1400,103400,,Q
56970249,B,100,103300,,Q
56970249,B,277,103300,,Q
56970249,S,52,103300,,Q
56971270,B,100,103250,,Q
57000289,B,10,103200,,Q
57025810,B,200,103250,,Q
57123319,B,100,103250,,Q
57305670,B,100,103250,,Q
57311378,B,100,103250,,Q
57321490,B,100,103250,,Q
57331307,B,100,103250,,Q
57341296,B,100,103250,,Q
57341296,B,100,103250,,Q
57351175,B,100,103250,,Q
57366301,B,100,103250,,Q
57395195,B,100,103250,,Q
57507420,S,433,103300,,Q
57507420,S,1,103300,,Q
57507420,S,1662,103300,,Q
57516981,S,1338,103300,,Q
57516981,S,1337,103300,,Q
57516981,S,100,103300,,Q
57520307,B,100,103350,,Q
57524753,B,100,103350,,Q
57529249,B,100,103350,,Q
57530281,B,5,103300,,Q
57533372,B,100,103350,,Q
57537513,B,100,103350,,Q
57541614,B,100,103350,,Q
57542489,B,195,103300,,Q
57542732,B,196,103300,,Q
57545618,B,100,103350,,Q
57555107,B,170,103300,,Q
57564073,B,39,103350,,Q
57564074,B,27,103350,,Q
57564074,B,65,103350,,Q
57564074,B,131,103350,,Q
57595288,B,96,103350,,Q

